<?xml version="1.0" encoding="UTF-8"?>
<project-private xmlns="http://www.netbeans.org/ns/project-private/1">
    <editor-bookmarks xmlns="http://www.netbeans.org/ns/editor-bookmarks/2" lastBookmarkId="0"/>
    <open-files xmlns="http://www.netbeans.org/ns/projectui-open-files/2">
        <group>
            <file>file:/D:/Github/channel-schedule/Channel-Schedule-Api/src/import/sctv.php</file>
            <file>file:/D:/Github/channel-schedule/Channel-Schedule-Api/src/repositories/schedulesRepository.php</file>
            <file>file:/D:/Github/channel-schedule/Channel-Schedule-Api/src/Timer.php</file>
            <file>file:/D:/Github/channel-schedule/Channel-Schedule-Api/src/Client.php</file>
            <file>file:/D:/Github/channel-schedule/Channel-Schedule-Api/src/models/schedule.php</file>
            <file>file:/D:/Github/channel-schedule/Channel-Schedule-Api/src/HTMLExtract.php</file>
            <file>file:/D:/Github/channel-schedule/Channel-Schedule-Api/src/import/sctvRequestService.php</file>
            <file>file:/D:/Github/channel-schedule/Channel-Schedule-Api/public/index.php</file>
        </group>
    </open-files>
</project-private>
